<?xml version="1.0" encoding="utf-8"?>
<!DOCTYPE nta PUBLIC '-//Uppaal Team//DTD Flat System 1.1//EN' 'http://www.it.uu.se/research/group/darts/uppaal/flat-1_2.dtd'>
<nta>
	<declaration>// Place global declarations here.
const int dLimit=70; //the day limit
const int hLimit=30;//The hour limit
const int bolus_value=5;//The number of bolus
const int bolustime=5;//bolus gap
const int baseline=1;//bolus gap
clock t1;
clock t2;
int x;
int y;
chan PasswordCorrect;
chan inject;
chan bolus;

</declaration>
	<template>
		<name x="5" y="5">System</name>
		<declaration>// Place local declarations here.
</declaration>
		<location id="id0" x="-663" y="-212">
			<name x="-673" y="-246">Locked</name>
		</location>
		<location id="id1" x="-459" y="-212">
			<name x="-484" y="-254">Initial</name>
		</location>
		<location id="id2" x="-340" y="-323">
			<name x="-350" y="-357">BolusGap</name>
		</location>
		<location id="id3" x="-348" y="-212">
			<name x="-374" y="-246">Injection</name>
		</location>
		<location id="id4" x="-153" y="-212">
			<name x="-163" y="-246">Stop</name>
		</location>
		<init ref="id0"/>
		<transition>
			<source ref="id4"/>
			<target ref="id1"/>
			<label kind="guard" x="-441" y="-416">t1&gt;=24</label>
			<label kind="assignment" x="-442" y="-374">x=0,
y=0,
t1=0,
t2=0</label>
			<nail x="-161" y="-382"/>
			<nail x="-459" y="-382"/>
		</transition>
		<transition>
			<source ref="id3"/>
			<target ref="id3"/>
			<label kind="guard" x="-280" y="-170">x&gt;=hLimit-baseline</label>
			<label kind="assignment" x="-280" y="-144">x=x-baseline</label>
			<nail x="-212" y="-144"/>
			<nail x="-204" y="-59"/>
			<nail x="-416" y="-59"/>
			<nail x="-416" y="-161"/>
		</transition>
		<transition>
			<source ref="id3"/>
			<target ref="id4"/>
			<label kind="guard" x="-306" y="-246">y&gt;=dLimit-baseline</label>
		</transition>
		<transition>
			<source ref="id3"/>
			<target ref="id3"/>
			<label kind="guard" x="-408" y="-170">x&lt;hLimit-baseline &amp;&amp;
y&lt;dLimit-baseline</label>
			<label kind="assignment" x="-364" y="-136">x=x+baseline,
y=y+baseline</label>
			<nail x="-306" y="-136"/>
			<nail x="-382" y="-136"/>
		</transition>
		<transition>
			<source ref="id2"/>
			<target ref="id3"/>
			<label kind="guard" x="-314" y="-297">t2&gt;bolustime</label>
			<nail x="-314" y="-255"/>
		</transition>
		<transition>
			<source ref="id3"/>
			<target ref="id2"/>
			<label kind="guard" x="-459" y="-306">x&lt;hLimit-bolus_value &amp;&amp;
y&lt;dLimit-bolus_value</label>
			<label kind="synchronisation" x="-382" y="-272">bolus?</label>
			<label kind="assignment" x="-391" y="-382">x=x+bolus_value,
y=y+bolus_value,
t2=0</label>
		</transition>
		<transition>
			<source ref="id1"/>
			<target ref="id3"/>
			<label kind="guard" x="-442" y="-238">x&lt;hLimit-baseline</label>
			<label kind="synchronisation" x="-425" y="-212">inject!</label>
		</transition>
		<transition>
			<source ref="id0"/>
			<target ref="id1"/>
			<label kind="synchronisation" x="-603" y="-238">PasswordCorrect?</label>
			<label kind="assignment" x="-612" y="-212">x=0,
y=0,
t1=0,
t2=0</label>
		</transition>
	</template>
	<template>
		<name>Nurse</name>
		<location id="id5" x="-603" y="-425">
			<name x="-611" y="-473">Initial</name>
		</location>
		<location id="id6" x="-442" y="-425">
			<name x="-452" y="-459">SartInjection</name>
		</location>
		<init ref="id5"/>
		<transition>
			<source ref="id5"/>
			<target ref="id6"/>
			<label kind="synchronisation" x="-578" y="-450">PasswordCorrect!</label>
		</transition>
	</template>
	<template>
		<name>Patient</name>
		<location id="id7" x="-612" y="-51">
			<name x="-622" y="-85">Initial</name>
		</location>
		<location id="id8" x="-510" y="-51">
			<name x="-520" y="-85">Injecting</name>
		</location>
		<init ref="id7"/>
		<transition>
			<source ref="id8"/>
			<target ref="id8"/>
			<label kind="synchronisation" x="-534" y="12">bolus!</label>
			<nail x="-459" y="34"/>
			<nail x="-552" y="25"/>
		</transition>
		<transition>
			<source ref="id7"/>
			<target ref="id8"/>
			<label kind="synchronisation" x="-594" y="-68">inject?</label>
		</transition>
	</template>
	<system>
// List one or more processes to be composed into a system.
system System,Nurse,Patient;</system>
	<queries>
		<query>
			<formula>A[]x&lt;dLimit and x&lt;hLimit</formula>
			<comment></comment>
		</query>
		<query>
			<formula>A[]y&lt;dLimit</formula>
			<comment></comment>
		</query>
	</queries>
</nta>
